{"cameraMode":{"drawMode":0,"name":"Shaded","section":"Shading Mode"},"sceneLighting":false,"audioPlay":false,"sceneViewState":{"showFog":true,"showMaterialUpdate":false,"showSkybox":false,"showFlares":true,"showImageEffects":true,"showParticleSystems":true},"in2DMode":false,"pivot":{"x":0.18549644947052003,"y":0.0,"z":0.05371701717376709},"rotation":{"x":-0.5335508584976196,"y":-0.07815948873758316,"z":0.04958567023277283,"w":-0.8407201170921326},"size":1.208342432975769,"orthographic":false}