{"cameraMode":{"drawMode":0,"name":"Shaded","section":"Shading Mode"},"sceneLighting":false,"audioPlay":false,"sceneViewState":{"showFog":true,"showMaterialUpdate":false,"showSkybox":false,"showFlares":true,"showImageEffects":true,"showParticleSystems":true},"in2DMode":false,"pivot":{"x":0.0000019073486328125,"y":1.1345057487487794,"z":-2.384185791015625e-7},"rotation":{"x":0.3306029438972473,"y":-0.00046077065053395927,"z":0.00045951124047860503,"w":0.9439074993133545},"size":5.171431541442871,"orthographic":false}