{"cameraMode":{"drawMode":0,"name":"Shaded","section":"Shading Mode"},"sceneLighting":false,"audioPlay":false,"sceneViewState":{"showFog":true,"showMaterialUpdate":false,"showSkybox":false,"showFlares":true,"showImageEffects":true,"showParticleSystems":true},"in2DMode":false,"pivot":{"x":-2.519984483718872,"y":1.9032788276672364,"z":-4.999382019042969},"rotation":{"x":0.3306029438972473,"y":-0.00046077065053395927,"z":0.00045951124047860503,"w":0.9439074993133545},"size":5.704192161560059,"orthographic":false}