{"cameraMode":{"drawMode":0,"name":"Shaded","section":"Shading Mode"},"sceneLighting":false,"audioPlay":false,"sceneViewState":{"showFog":true,"showMaterialUpdate":false,"showSkybox":false,"showFlares":true,"showImageEffects":true,"showParticleSystems":true},"in2DMode":false,"pivot":{"x":-2.5780181884765627,"y":1.5000001192092896,"z":-2.4219841957092287},"rotation":{"x":0.3306029438972473,"y":-0.00046077065053395927,"z":0.00045951124047860503,"w":0.9439074993133545},"size":7.581253528594971,"orthographic":false}